{
  "roc_auc_mean": 0.882421,
  "roc_auc_std": 0.008535,
  "roc_auc_min": 0.869425,
  "roc_auc_max": 0.893558,
  "pr_auc_mean": 0.963577,
  "pr_auc_std": 0.003045,
  "pr_auc_min": 0.958841,
  "pr_auc_max": 0.967936,
  "gini_mean": 0.764842,
  "gini_std": 0.017069,
  "gini_min": 0.738849,
  "gini_max": 0.787116,
  "ks_mean": 0.577837,
  "ks_std": 0.018128,
  "ks_min": 0.555704,
  "ks_max": 0.605802,
  "f1_at_05_mean": 0.940632,
  "f1_at_05_std": 0.002526,
  "f1_at_05_min": 0.936645,
  "f1_at_05_max": 0.943973,
  "capture_top10pct_mean": 0.125022,
  "capture_top10pct_std": 2.7e-05,
  "capture_top10pct_min": 0.125,
  "capture_top10pct_max": 0.125056,
  "capture_top20pct_mean": 0.248973,
  "capture_top20pct_std": 0.000803,
  "capture_top20pct_min": 0.247879,
  "capture_top20pct_max": 0.25,
  "ece_mean": 0.029239,
  "ece_std": 0.010527,
  "ece_min": 0.017116,
  "ece_max": 0.043336,
  "pos_rate_mean": 0.799857,
  "pos_rate_std": 0.000175,
  "pos_rate_min": 0.799643,
  "pos_rate_max": 0.8
}